[
    {
      "code": "404",
      "title": "Page Not Found",
      "description": "The page you're looking for doesn't exist or may have been moved."
    },
    {
      "code": "500",
      "title": "Server Error",
      "description": "Something went wrong on our end. Please try again later."
    },
    {
      "code": "403",
      "title": "Access Denied",
      "description": "You don't have permission to access this page."
    },
    {
      "code": "400",
      "title": "Bad Request",
      "description": "The request could not be understood due to invalid syntax."
    },
    {
      "code": "401",
      "title": "Unauthorized",
      "description": "You must be logged in to view this content."
    }
  ]